epoch,bpm_output_loss,bpm_output_mae,key_output_accuracy,key_output_loss,loss,val_bpm_output_loss,val_bpm_output_mae,val_key_output_accuracy,val_key_output_loss,val_loss
0,1.4240635633468628,0.9537863731384277,0.050483349710702896,3.513824224472046,3.6443018913269043,0.35461336374282837,0.5938629508018494,0.027355622500181198,3.194141387939453,3.2747790813446045
1,0.5457141399383545,0.5892944931983948,0.09291084855794907,3.2888951301574707,3.3514811992645264,0.20255345106124878,0.4478481411933899,0.060790274292230606,3.1687722206115723,3.2421681880950928
2,0.4099082946777344,0.5031337141990662,0.1331901252269745,3.0649197101593018,3.155627727508545,0.2882106602191925,0.5327353477478027,0.09726443886756897,3.7383735179901123,3.819371461868286
3,0.36453044414520264,0.46763986349105835,0.1680988222360611,2.8555564880371094,2.941765069961548,0.0991302952170372,0.251428484916687,0.11246200650930405,3.674349784851074,3.772568941116333
